Category,Headline,SubHeading
Fodbold,FCK brænder straffe i sidste sekund mod United,Efter runden ligger de danske mestre sidst i Champions Leagues gruppe A
Fodbold,Bayern vinder i FCK's gruppe,"Galatasaray var bedst i en time, men effektive Bayern München hentede en 3-1-sejr i Istanbul"
Fodbold,"- Han er den, der har allermest på spil, siger Bruun",Rasmus Højlund har fået sin fodboldopdragelse i FC København
Fodbold,Løber tør for rosende ord om dansk landsholdsspiller,Matt O’Riley er topscorer i den skotske liga med seks mål og får ros af flere eksperter
Fodbold,Falk og FCK var tæt på sensation mod United: Vi er bedre nu,"FCK var tæt på at skabe overraskelsen mod Manchester United i 2020, men står bedre nu, mener Rasmus Falk"
Fodbold,"Nu har Tottenham-træner gjort noget, ingen anden har ",Heung-Min Son og James Maddison scorede hjemmeholdets to mål mandag aften. 
Fodbold,Bayern forventer stor udfordring: - Det bliver ekstremt,"Galatasaray vil bruge sine højlydte fans som en fordel i mødet mod Bayern München, siger Thomas Tuchel"
Fodbold,Tottenham er tilbage på førstepladsen,De har to point ned til de nærmeste forfølgere
Fodbold,FCK-profil har givet Højlunds lillebror klar besked,"Oscar Højlund skal ikke få nogen gode ideer inden kampen mod United, lyder opfordringen"
Fodbold,"- Det rammer så hårdt, siger OB-keeper",Det spiller slet ikke for OB i øjeblikket
Fodbold,OB’s krise på eget græs fortsætter,En sen FCM-scoring sænkede OB
Fodbold,Tre ting gjorde Sir Bobby Charlton ikonisk ifølge Bruun,"Sir Bobby Charlton minder os om en svunden tid, lyder det fra Morten Bruun i sin hyldest af den afdøde fodboldspiller"
Fodbold,Ramos hyldet efter særlig kamp: - Han er fremragende ,"Opgøret endte 1-1, og det betyder, at Real Madrid fortsat fører LaLiga. Sevilla ligger nummer 13"
Fodbold,Spanien nedsabler modstander,Spanierne viste styrke fra starten af opgøret
Fodbold,Det bliver svært at komme til EM,"Man tør næsten ikke tænke tanken til ende, vel? En EM-slutrunde i Tyskland uden Danmark. Men som sagerne står, er det blevet en vanskelig opgave"
Fodbold,"Ny udvikling er alarmerende og bekymrende, siger Kjær",Kasper Hjulmand er opmærksom på den seneste udvikling i international topfodbold
Fodbold,Brøndby-træner efter CL-exit: - Vi er voldsomt skuffede,"Brøndbys Champions League-eventyr sluttede i første kamp, og cheftræner Per Nielsen er meget skuffet"
Fodbold,Hjulmand skifter igen ud i truppen,Mohamed Daramy er tilbage på det danske landshold. 
Fodbold,Vallys' debut var ekstra speciel for Højbjerg,Pierre-Emile Højbjerg glæder sig ekstra meget på Nicolai Vallys' vegne. 
Fodbold,Kjær positivt overrasket over niveauet,"Landsholdsanføreren ønskede sig flere mål, men lod sig imponere over San Marinos forsvar"
Fodbold,"- Det samme skete i sidste uge, så der må være en forbandelse ",Joakim Mæhle føler med Morten Hjulmand. 
Fodbold,Hjulmand skifter ud – kalder to spillere ind,Ifølge Kasper Hjulmand er der usikkerhed om enkelte danske spillere inden søndagens kamp i Finland. 
Fodbold,Ét spørgsmål fra Saudi-Arabien var nok for Kasper Schmeichel,"Kasper Schmeichel slår fast, at han langt fra føler sig færdig på landsholdet"
Fodbold,Hvem scorede til 4-0? Eriksen og Poulsen er uenige,"Yussuf Poulsen snittede et indlæg fra Christian Eriksen i mål, mener han. Eriksen anerkender ikke berøringen"
Fodbold,Hjulmand griner af David Nielsens opfordring,Der var god stemning i TV 2-studiet efter sejren over San Marino
Fodbold,"- Det var et rørende øjeblik for os, siger San Marinos landstræner","Der var flere tilskuere i Parken torsdag aften, end der er indbyggere i San Marino. De gav fra start sanmarineserne en sjælden oplevelse"
Fodbold,Hjulmand giver opdatering på fravalgt profil,Situationen omkring Alexander Bah giver anledning til bekymring for Danmarks landstræner
Fodbold,"- Han var glad igen, og han sprudlede fra sin position",Morten Bruun uddeler karakterer til de danske spillere efter sejren på 4-0 over San Marino i EM-kvalifikationen
Fodbold,"Vi skal undlade at stå og råbe, mener ekspert",4-0-resultatet mod San Marino er godkendt ifølge TV 2s fodboldekspert
Fodbold,"- Det er en lidt underlig kamp, siger Eriksen",Efter den sikre sejr over San Marino ligger Danmark nummer to i pulje H
Fodbold,"Danmark fik, hvad de kom efter – men heller ikke mere end det","Sejren til Danmark var aldrig i fare, men folkefesten udeblev. "
Fodbold,Henry debuterer med sejr mod Danmark,Danmarks U21-landshold mødte Frankrigs ditto i en testkamp og tabte med 1-4 i Nancy
Fodbold,Hjulmand kryptisk om fravalgt profil,Jens Stryger Larsen løb med pladsen på højre back mod San Marino
Fodbold,Her er Danmarks startopstilling ,Flere store profiler indleder kampen på bænken mod miniputterne fra San Marino
Fodbold,Danmark møder verdens dårligste landshold,San Marino ligger på sidstepladsen af de 208 nationer på FIFA's verdensrangliste
Fodbold,Finland vinder topkamp i Danmarks gruppe,Finnerne sidder nu alene på førstepladsen i Danmarks gruppe
Fodbold,Eksperter uenige om Danmarks startopstilling,Morten Bruun og Mads Junker tror begge på et comeback til Thomas Delaney
Fodbold,Ud over sejren er tre ting vigtige for Danmark,Torsdag skal Danmark møde det dårligst rangerede landshold i verden. Det er den ideelle optakt til søndagens kamp
Fodbold,Her bliver tårevædet Ramos præsenteret til Sevilla,Se præsentationen af Sergio Ramos i videoen over artiklen. 
Fodbold,De glæder sig til at møde Eriksen – men har et stort problem,San Marino har aldrig vundet en landskamp med noget på spil. 
Fodbold,Landsholdets attitude har ændret sig,Fodboldkommentator Flemming Toft varmer op til de kommende EM-kvalifikationskampe
Fodbold,"- Vi kan ikke snakke os til det, siger Hjulmand",Danmark har aldrig tidligere mødt San Marino
Fodbold,Vidundermål afgør fodbold-miniputters dyst,Malta og Gibraltar mødtes i en testkamp onsdag aften. Malteserne vandt 1-0
Fodbold,CL-drømmen er slut for dansk kvindefodbold,Det bliver ikke til Champions League for hverken HB Køge eller Brøndbys kvinder i denne sæson
Fodbold,Brøndby IF laver stort underskud i første halvår,"De første seks måneder af 2023 gav Brøndby et minus på 62,8 millioner kroner"
Fodbold,Højlund nomineret til fornem pris,"Den danske landsholdsspiller er én af ti spillere, der kan vinde prisen som den bedste spiller under 21 år"
Fodbold,"- Når der er uvished, kan det godt sætte gang i nogle tanker, siger Højbjerg",Den danske midtbanekriger har bare spillet godt en time i Premier League i denne sæson
Fodbold,"Kjær giver opsang efter spørgsmål om ""vikarlandsholdet""","Simon Kjær mener ikke, at der var grund til at stille mere end et spørgsmål om hyldest af vikarlandsholdet"
Fodbold,Hjulmand er glad på Schmeichels vegne,"Kasper Hjulmand er glad for Kasper Schmeichels skifte til Anderlecht, selv om det ligamæssigt er et trin ned"
Fodbold,Højlund har ikke indflydelse på egen spilletid,Kasper Hjulmand vil ikke give fuld spilletid til Rasmus Højlund. 
Fodbold,Hermoso lægger sag an mod fodboldpræsident,"Anklagemyndigheden i sagen mod fodboldpræsident Luis Rubiales meddeler, at Jennifer Hermoso har anmeldt ham"
Fodbold,"- Det er uretfærdigt, siger fyret spansk landstræner","Den tidligere spanske landstræner Jorge Vilda forklarer, hvorfor han klappede af en tale, Luis Rubiales holdt"
Fodbold,FCK sælger Grabara,Han skifter til næste sommer
Fodbold,"- Det var en rigtig dårlig situation, men der er mange værre ting i livet","TV 2 Sport har fremlagt en række postulater, som Thomas Delaney enten har be- eller afkræftet. "
Fodbold,Nu står skandaleramt fodboldboss endnu mere alene,"Luis Rubiales' allierede flygter fra hans side, og nu er en af fodboldbossens nærmeste blevet fyret"
Fodbold,"Landsholdets hierarki kan ses, når spillerne tjekker ind","Det er ikke tilfældigt, hvordan spillerne på herrelandsholdet er indlogeret i Helsingør"
Fodbold,"Schmeichel sender klart signal til Hjulmand, mener ekspert",TV 2 Sports fodboldeksperter glæder sig over Schmeichels skifte
Fodbold,Delaney spurgte Hjulmand til råds i svær periode,"Thomas Delaneys halvsæson i Hoffenheim blev aldrig en succes, og han fik besøg af landstræneren undervejs. "
Fodbold,Schmeichel bekræfter skifte til danskerklub,Den rutinerede målmand bliver den næste dansker i rækken til at skifte til Anderlecht
Fodbold,Henderson taler ud efter massiv kritik: - Jeg forstår vreden. Det gør jeg ,Frem til sommeren 2026 får Henderson sin løn af Al-Ettifaq FC. 
Fodbold,Danskers træner fyret efter fire kampe ,Den tidligere Barcelona-træner nåede 39 kampe for Villarreal
Fodbold,Spanien fyrer landstræner efter VM-triumf, Jorge Vilda har været landstræner for Spaniens bedste kvinder siden 2015. 
Fodbold,Spansk fodboldforbund i kovending – nu undskylder de,Det Spanske Fodboldforbund er vendt på en tallerken og siger nu undskyld for sin præsidents opførsel
Fodbold,"- Han går jo rundt med kasket og solbriller, siger Delaney om fåmælt Schmeichel",Flere medier melder Kasper Schmeichel tæt på et skifte til Anderlecht. 
Fodbold,Stjerne tog fat i Højlund: - Han sagde et eller andet på spansk,Casemiro var positivt overrasket over Rasmus Højlunds debut. 
Fodbold,"- Hvis jeg ikke ville få spilletid i Liverpool, kunne jeg lige så godt se dem i fjernsynet","Jesper Lindstrøm er stolt over sit skifte til mægtige Napoli, som han har valgt frem for potentielt mindre spilletid i Liverpool"
Fodbold,"Delaney forklarer, hvorfor FCK-skifte kiksede","Thomas Delaney vil ikke afvise, at han en dag vender tilbage til FC København. "
Fodbold,Hjulmand erkender tvivl ,Frederik Rønnow har givet Kasper Hjulmand noget at tænke over. 
Fodbold,United-spiller smidt af Brasiliens landshold,"Antony er ude af truppen for at ""beskytte det påståede offer, spilleren, landsholdet og fodboldforbundet"""
Fodbold,"- Det er smukt, siger ekspert om Ramos-retur","Sergio Ramos vender tilbage til barndomsklubben, hvor han har lavet en aftale for resten af sæsonen"
Fodbold,"Spanien kan have bagtanke med debut til 16-årig, mener ekspert",Lamine Yamal kan blive den yngste debutant nogensinde på det spanske herrelandshold
Fodbold,"- Måske har jeg ikke helt forstået, hvor jeg er, eller hvor stort det er","Indtrykkene og følelserne var mange, da Nicolai Vallys mandag mødte ind i landsholdslejren. "
Fodbold,Bruun forstår Hjulmands keepervalg – men har også en anke,"Landstræneren har bekræftet, at Kasper Schmeichel vogter buret for Danmark mod San Marino og Finland"
Fodbold,Ramos vender tilbage til Spanien,"37-årige Sergio Ramos vender tilbage til barndomsklubben, hvor han har lavet en aftale for resten af sæsonen.
"
Fodbold,Mæhle åbner om hård ledelsesstil: - Han bestemte virkelig alt,Joakim Mæhle har vinket farvel til en hård og kontant ledelsesstil i Atalanta. 
Fodbold,"- Det er lidt af en solstrålehistorie, siger Hjulmand om Vallys","Det er ikke blevet nemmere at tage den vej til landsholdet, som Nicolai Vallys har, siger Hjulmand"
Fodbold,"Kasper Schmeichel står, siger Hjulmand",Kasper Schmeichel er i øjeblikket uden klub. På landsholdet kan han dog se frem til spilletid. 
Fodbold,Belgisk profil er landet i Saudi-Arabien,Endnu en topspiller skifter fra europæisk til saudiarabisk fodbold. 
Fodbold,Silkeborg henter sin tidligere profil hjem ,"Jens Martin Gammelby skifter norsk fodbold ud med Silkeborg, hvor han fik det meste af sin fodboldopdragelse"
Fodbold,Schmeichel meldes tæt på ny klub,Kasper Schmeichels tid som klubløs kan snart få en ende
Fodbold,Getafe-træner vil hjælpe Greenwood tilbage til topniveau,"José Bordalás tror på, at han og Getafe kan hjælpe Greenwood med at få fodboldkarrieren tilbage på ret kurs. "
Fodbold,"- Sammen med dommerne er Balotelli sæsonens største skuffelse, siger præsident",Den italienske angriber er ikke på god fod med Sions klubpræsident
Fodbold,Barca-teenager sætter klubrekord,"Gavi blev søndag aften den yngste, der har spillet 100 kampe for FC Barcelona"
Fodbold,Langer ud efter sin træner: - Jeg gøres til syndebuk,Den engelske kantspiller Jadon Sancho nægter at skulle have leveret ringe indsatser til træning
Fodbold,Engelske medier fælder dom over Højlunds debut: - Imponerende,"Rasmus Højlund har noget, som Cristiano Ronaldo, Anthony Martial og Marcus Rashford ikke har, mener United-legende"
Fodbold,"- Har aldrig prøvet noget lignende, siger AGF-træner om transfersaga","Uwe Rösler har 20 år på bagen som træner, men alligevel har han aldrig prøvet noget som dramaet om Mads Bech"
Fodbold,Lewandowski redder Barcelona,"FC Barcelona var i fare for at tabe point ude mod Osasuna, men en scoring på straffespark forhindrede det"
Fodbold,Sen AGF-scoring spolerer norsk drømmedebut,"En sen scoring ødelagde Ola Brynhildsens mulighed for at blive matchvinder, da FCM og AGF spillede 1-1"
Fodbold,"Højlund snydt for straffe, mener United-træner","Erik ten Hag mener, at debutanten blev nedlagt med ulovlige midler, før Arsenal tog sejren i overtiden"
Fodbold,Dansk Serie A-målmand begår straffe i afklapsning,Danske Oliver Christensen vogtede målet for Fiorentina
Fodbold,FCK slår Viborg efter vanvittigt mål,"Forsvarsspilleren Denis Vavro scorede endnu en drømmekasse i FCK's sikre sejr over Viborg.
"
Fodbold,Højlund indskiftet i kæmpe United-nedtur,Rasmus Højlund kom på banen efter 66 minutters spil
Fodbold,"- Dommerne ødelægger ligaen, siger Lewandowski",Hverken LaLiga eller det spanske fodboldforbund har åbnet nogen sag imod angriberen. 
Fodbold,Brøndby knuser Randers,"Brøndby udspillede Randers i 45 minutter, inden en sløv anden halvleg tillod kronjyderne at reducere"
Fodbold,Liverpool hægter sig på toppen med sikker sejr,"Det blev til sæsonens mest overbevisende sejr for Liverpool, som Aston Villa ikke kunne byde op til dans"
Fodbold,FCN redder point dybt inde i tillægstiden,"FC Nordsjælland fik det ene point syv minutter inde i overtiden, da det blev til 1-1 mod Lyngby.
"
Fodbold,Silkeborg henter tredje sejr i træk,"Den unge målræv Alexander Lind scorede for femte kamp i træk og sikrede Silkeborg en 1-0-sejr over Hvidovre.
"
Fodbold,"- Højlund kommer med en energi, der smitter af på de andre","Manchester Uniteds manager, Erik ten Hag, havde store roser til Rasmus Højlund op til kampen mod Arsenal, hvor han kan få debut. "
Fodbold,FCK forhandler med en anden klub om salget af Grabara,"Den polske målmand ser ud til at blive holdkammerater med Jonas Wind og Joakim Mæhle, mener medier at vide"
Fodbold,La Liga-kamp udsat på grund af uvejr,Ligaen melder en ny dato ud om kort tid. 
Fodbold,AaB sælger profil – justerer regnskabet med 10 millioner,"AaB oplyser, at klubben er nået til enighed med en unavngiven udenlandsk klub om et salg af Allan Sousa"
Fodbold,Her er Højlunds nummer i United,På dagen for hans potentielle United-debut er Rasmus Højlunds trøjenummer præsenteret. 
Fodbold,- Jeg har aldrig hørt noget så højt på en fodboldbane,"Jude Bellingham blev hyldet i en voldsom lydkulisse på det nye Bernabéu, da han i tillægstiden scorede til 2-1 mod Getafe. "
Fodbold,Ekspert glæder sig over flere ting ved Lindstrøm-debut,Jesper Lindstrøms Napoli tabte 2-1 til Gustav Isaksens Lazio
Fodbold,Dansker får ros efter Serie A-debut,"Victor Kristiansen er kommet godt i gang i Bologna, hvor han lørdag var med til at vende 0-1 til 2-1"
Fodbold,"Morten Bruun har set det, alle snakker om – her er hans dom",Flere store profiler er valfartet til Saudi-Arabien denne sommer
Fodbold,Ronaldo scorer sit mål nummer 850,"Efter en træg start er Cristiano Ronaldos klub, Al-Nassr, for alvor kommet i gang i den saudiarabiske liga"
Fodbold,Wijnaldum slutter sig til Liverpools ekskaptajner i Saudi-Arabien,"Georginio Wijnaldum skal spille for Al-Ettifaq, hvor Steven Gerrard og Jordan Henderson allerede er ansat"
Fodbold,"Bellinghams indtog er historien, der aldrig nogensinde vil slutte",Jude Bellingham har scoret fem mål i fire LaLiga-kampe
Fodbold,Lindstrøm får debut i hårdt Napoli-nederlag,Opdateres
Fodbold,Dansker involveret i to mål i Serie A-debut,Den 20-årige dansker Victor Kristiansen gjorde god figur i sin debut for Bologna
Fodbold,"- Jeg vil kæmpe for at vinde trofæer, siger Schjelderup ",FC Nordsjælland hentede en profil hjem på transfervinduets sidste dag
Fodbold,Bellingham fortsætter eventyrlig Real Madrid-start,"Getafe tacklede igennem, og Real Madrid manglede skarphed, men blev reddet af talisman Jude Bellingham.
"
Fodbold,Lille naboklub jubler over FCK i Champions League: - Det er rigtig mange penge for os,Fodboldklubben FA 2000 på Frederiksberg er svært tilfredse med storebror FC Københavns avancement til gruppespillet i Champions League. 
Fodbold,Spaniens strejkende fodboldkvinder hyldes af premierminister,"Pedro Sánchez, Spaniens premierminister, hylder, at landets fodboldkvinder er gået op imod ledelsen i RFEF"
Fodbold,Bruun forstår intet af FCM's transferstrategi,"FC Midtjylland har handlet i øst og vest, mener TV 2 Sports fodboldekspert Morten Bruun"
Fodbold,Disse ligaer kan stadig hente spillere,"Transfervinduet er lukket i blandt andet Danmark, England og Tyskland, men saudiarabiske klubber kan fortsat forstærke sig"
Fodbold,To landsholdsspilleres situation ærgrer ekspert,Jonas Hebo havde gerne set Pierre-Emile Højbjerg og Mikkel Damsgaard på nye adresser
Fodbold,Félix og Cancelo skifter til Barcelona,João Félix og João Cancelo skifter til FC Barcelona på lejeaftaler fra Atletico Madrid og Manchester City
Fodbold,Manchester United låner marokkansk profil,"Christian Eriksen får ny kollega og konkurrent i form af Sofyan Amrabat, der er lejet i Fiorentina.
"
Fodbold,FCN henter kæmpetalent hjem,FC Nordsjælland har forstærket sig med Andreas Schjelderup på en lejeaftale
Fodbold,Dansker skifter til Swansea,Kristian Pedersen skifter FC Köln ud med Swansea fra den engelske Championship
Fodbold,FCM henter forsvarsspiller i Brentford,Forsvarsspilleren Mads Bech Sørensen har lavet en fireårig aftale med FC Midtjylland
Fodbold,"- En god løsning, siger Morten Bruun",Kasper Schmeichel har ophævet sin kontrakt med franske Nice
Fodbold,Schmeichel færdig i Nice,"Det vides endnu ikke, hvad fremtiden byder på for den 36-årige målmand"
Fodbold,Kæmpe Vejle-forløsning,"Syvende gang var lykkens gang for Vejle, der fredag fik sæsonens første sejr, da oprykkerne vandt 2-1 over OB"
Fodbold,Gustav Isaksen fik klar besked af sin nye træner,Den danske profil har oplevet en stor omvæltning siden skiftet fra FC Midtjylland til Lazio
Fodbold,Ekspert udpeger mål for FCN,FC Nordsjælland er blandt andre kommet i gruppe med det tyrkiske storhold Fenerbahçe
Fodbold,Her er FCN's europæiske modstandere,Der venter blandt andet et møde med den tyrkiske storklub Fenerbahçe
Fodbold,Helt særligt møde mellem FCK og United,Barndomsvennerne Christian Eriksen og Rasmus Falk har aldrig spillet en kamp mod hinanden
Fodbold,Højlund klar til debut mod Arsenal,"Rasmus Højlund er klar til sin første kamp for Manchester United, som søndag gæster Arsenal i Premier League"
Fodbold,Store opgør venter i Europa League,"Liverpool har fået en god lodtrækning, mener TV 2 Sports ekspert Jonas Hebo Goldmann"
Fodbold,DBU i kritik af fodboldpræsident,"DBU-formand Jesper Møller kalder det upassende, at spansk fodboldpræsident kyssede en spiller på munden"
Fodbold,12 spillere vi holder ekstra øje med på transfervinduets sidste dag,"Der er flere store stjerner, der meget vel kan finde ny arbejdsplads inden midnat"
Fodbold,FCK henter talent i storklub,"Tanlongo kommer til på en aftale, der løber for resten af sæsonen"
Fodbold,- De bør frygte FCN. Uden de måske selv er klar over det,Fodboldekspert Morten Bruun spår FC Nordsjælland gode muligheder for avancement i Conference League. Se hans bud på en drømme- og skrækpulje her
Fodbold,FIFA-præsident fordømmer omstridt kys,For første gang reagerer Infantino offentligt på sagen om Rubiales' kys
Fodbold,FCM i stor skuffelse: - Det gør utroligt ondt,Thomas Thomasberg og Jonas Lössl er begge enormt skuffede efter det europæiske exit
Fodbold,FCN-træner jubler – klar til Europa,Med sejren over FK Partizan har nordsjællænderne tilføjet seks kampe til efterårets europæiske program
Fodbold,FCM misser europæisk gruppespil efter straffedrama,"Polske Legia Warszawa var for svære at knække for FC Midtjylland, der tabte den afgørende kvalifikationskamp på straffespark"
Fodbold,FCN er klar til Conference League,Der er lodtrækning til gruppespillet fredag
Fodbold,Bellingham hædret efter fantommåned ,Briten har været tæt på ustoppelig i Real Madrid-trøjen
Fodbold,Morten Bruun vurderer FCK's chancer,Morten Bruun spår FCK fornuftige chancer for at lave ravage i Gruppe A
Fodbold,Falk reagerer på FCK's dynamitpulje,Der venter flere store kampe for FC København i Champions League
Fodbold,FCK trækker mastodonter i Champions League,FC København var i tredje seedningslag. 
Fodbold,"- Folk skulle lade os, der har forstand på det, om at arbejde","Med kvalifikationen til Champions League får FC København en stor sum penge.
"
Fodbold,Lyngby henter tidligere Premier League-profil,Han har blandt andet spillet i Everton og Tottenham
Fodbold,Ekspert udpeger FCK's drømme- og skrækpulje,"FC København er placeret i tredje seedningslag, når der trækkes lod til Champions League-gruppespillet torsdag aften"
Fodbold,FC Midtjylland henter chilensk stjernefrø,"19-årige Dario Osorio, der er kantspiller, skifter fra Club Universidad de Chile til FC Midtjylland"
Fodbold,Hjulmand skifter ud i truppen,Brøndbys Nicolai Vallys bliver en del af landsholdstruppen
Fodbold,"UEFA afviser ""absurd"" regel","De europæiske turneringer vil ikke overtage de engelske retningslinjer, der medfører mange tillægsminutter"
Fodbold,Rubiales' mor ender på hospitalet efter sultestrejke,Moren til den udskældte præsident for Spaniens fodboldforbund havde mandag indledt en sultestrejke
Fodbold,Unge FCK’ere drømmer om at trække Real Madrid eller Barcelona,For flere af FC København-spillerne er det en drøm at komme til at møde en af de store spanske klubber
Fodbold,"- Da han skød, tænkte jeg, den ville havne uden for arenaen",Denis Vavro sendte FC København foran med et vaskeægte drømmemål
Fodbold,Disse hold kan FCK trække i Champions Leauge,"FC København undgår som seedet i tredje lag blandt andet AC Milan, Red Bull Salzburg og Lazio"
Fodbold,FCK-træner dybt irriteret over Grabara-spørgsmål,Der spekuleres i disse dage kraftigt i et skifte på målmandsposten i FC København. 
Fodbold,Parken opjusterer med 150 millioner ,Parken Sport & Entertainment har opjusteret sine forventninger til 2023 med 150 millioner kroner
Fodbold,FCK-helt jubler: - Et af de bedste øjeblikke i mit liv ,Der er lodtrækning til gruppespillet torsdag. Her er FCK i tredje seedningslag. 
Fodbold,FCK klar til historisk Champions League,I et propfyldt Parken sikrede FC København sig en plads i Champions League-gruppespillet
Fodbold,Nuamah smadrer rekorden – se Superligaens største salg,"FC Nordsjælland, FC København og FC Midtjylland sidder tungt på Superligaens største spillersalg"
Fodbold,FCN-stjerne solgt i rekordtransfer,"Ernest Nuamah har taget Superligaen med storm, og nu går turen videre"
Fodbold,AGF sælger 17-årig til Salzburg,"Adam Daghim skifter fra AGF til Red Bull Salzburg, efter at de to klubber er blevet enige om en handel"
Fodbold,Leicester udlejer dansker til Serie A,Victor Kristiansen kom til Leicester fra FC København. Nu skal han videre til Serie A
Fodbold,Viborg lejer tidligere Sønderjyske-spiller,"Kantspilleren Isak Jensen, der er ejet af amerikanske St. Louis City SC., tager et år på leje i Viborg"
Fodbold,- Hele København glæder sig,FC København kan som det første danske hold kvalificere sig til Champions League to sæsoner i træk
Fodbold,Vragede landsholdsspillere med på U21-holdet,U21-landsholdet skal med Mohamed Daramy og Victor Kristiansen på holdet pudse formen af i to testkampe
Fodbold,"Saudi-Arabien bekymrer Hjulmand: - Bare vent og se, hvad der sker",Kasper Hjulmand savner fælles regler i klubfodbold
Fodbold,"Lindstrøms skifte er fantastisk – og han kommer til at spille, siger ekspert","TV 2 Sports fodboldeksperter hylder Jesper Lindstrøms skifte til Napoli, og de forventer, at han får spilletid"
Fodbold,"- Det kommer til at eksplodere, siger Eriksen om Højlund-debut","Rasmus Højlund har endnu ikke fået sin debut for Manchester United, men Christian Eriksen forventer, det bliver stort"
Fodbold,Nelsson og Galatasaray sender Molde ud,Med Victor Nelsson på banen i hele returkampen mod Molde blev Galatasaray klar til Champions League
Fodbold,Tottenham skuffer i straffedrama,Et nederlag i straffesparkskonkurrence til Fulham blev Tottenhams sidste oplevelse i denne sæsons Liga Cup
Fodbold,Morten Bruun undrer sig: - Hvorfor må Superliga-spillere ikke komme på landsholdet?,TV 2’s fodboldekspert savner et par Superliga-spillere i landsholdstruppen
Fodbold,Solbakken har udtaget sin egen søn: - Selvfølgelig er det specielt,"Norge har fået en skidt start på EM-kvalifikationen, hvor det blot er blevet til fire point i fire kampe. "
Fodbold,Hjulmand reagerer på Lindstrøm-skifte,"Det vigtige for landstræneren er, at Lindstrøm får spilletid i Napoli"
Fodbold,Lindstrøm skifter til Napoli,Den 23-årige dansker forlader Eintracht Frankfurt
Fodbold,Hjulmand har talt med ten Hag om Højlund,"Rasmus Højlund blev tidligere på sommeren den dyreste dansker i historien, da han skiftede til Manchester United fra italienske Atalanta"
Fodbold,Hjulmand med opråb om transfervinduet: - Det er håbløst,"Transfervinduets lange åbningstid har konsekvenser, mener landstræneren"
Fodbold,"Schmeichels situation er ikke holdbar i længden, siger Hjulmand","Landstræner Kasper Hjulmand bekræfter, at Kasper Schmeichel leder efter en ny arbejdsgiver"
Fodbold,Delaney tilbage på landsholdet,Tirsdag har Kasper Hjulmand udtaget truppen til kampene mod San Marino og Finland. 
Fodbold,Lindstrøm modtaget af Napoli-fans,"Jesper Lindstrøm landede mandag i Rom, inden han ventes at skifte til Napoli"
Fodbold,Flere spørgsmålstegn inden speciel udtagelse ,Morten Bruun har flere spørgsmålstegn inden tirsdagens landsholdsudtagelse. 
Fodbold,TV 2 sikrer sig rettighederne til Superligaen,Fra sommeren 2024 vises Superligaen på TV 2 og Viaplay
Fodbold,Hvordan har Hjulmands rygrad det? ,Fodboldlandsholdet har været bygget op om en særlig håndfuld spillere lige siden Kasper Hjulmand startede - kald det rygraden. 
Fodbold,Brøndby-helt ikke overrasket over straffespark,Patrick Pentz afsluttede sin debut i Brøndby-trøjen med at redde et straffespark i overtiden mod Vejle
Fodbold,Chefer kræver Rubiales' afgang,"Opbakningen til RFEF-præsident Luis Rubiales er væk fra de regionale chefer, lyder det efter krisemøde"
Fodbold,Vejle brænder straffe – Brøndby vinder drama,Vejle er fortsat pointløs efter et 0-1-nederlag hjemme mod Brøndby
Fodbold,Spansk anklagemyndighed indleder undersøgelse af fodboldboss efter kontroversielt kys,"Spilleren Jennifer Hermoso har ikke officielt indgivet en klage over kysset fra Rubiales, men udtaler, at hun følte sig som et offer for sexisme"
Fodbold,Frederik Rønnow bør stå for Danmark,"Vi har været vant til, at Kasper Schmeichel har stået i målet for Danmark, men som tingene har udviklet sig, bør Frederik Rønnow få chancen. "
Fodbold,Rubiales' mor sultestrejker,"Luis Rubiales' mor har låst sig inde i en kirke og kræver, at jagten på hendes søn bliver stoppet"
Fodbold,"16-årig kan markere ny æra, siger Xavi","Lamine Yamal satte et stort aftryk i Barcelonas sejr over Villarreal, hvor den 16-årige spiller var involveret i to scoringer"
Fodbold,"Villarreal bør ikke satse på dansk målmand, mener ekspert",Filip Jörgensens tre første kampe i denne LaLiga-sæson har ikke overbevist TV 2 Sports fodboldekspert Morten Bruun
Fodbold,Lyon-træner melder FCN-spiller klar til næste kamp,"Ernest Nuamah er fortid i FC Nordsjælland inden weekenden, fortæller Laurent Blanc.
"
Fodbold,FC Midtjylland henter sydkoreansk forstærkning ,"21-årige Lee Han-beom har underskrevet en aftale, der gælder for de næste fire år"
Fodbold,Danskere tæt på Serie A,"Både Jesper Lindstrøm og Victor Kristiansen meldes meget tæt på lange kontrakter i Italien.
"
Fodbold,Villas holdbus ramt af mursten,En ukendt gerningsmand kastede en mursten på Aston Villas holdbus søndag efter klubbens sejr over Burnley
Fodbold,Indkalder til krisemøde i kyssesagen,Mandag skal Spaniens fodboldforbund mødes med de regionale repræsentanter for at drøfte udskældt præsident
Fodbold,Osimhen sparker Napoli til sikker sejr i Serie A,"Napoli vandt hjemme over Sassuolo i Serie A, mens Lazio, Juventus og Fiorentina led pointtab"
Fodbold,Milans nye stjerne imponerer efter drømmestart,Christian Pulisic har scoret to gange i sine to første kampe som Milan-spiller
Fodbold,- Jeg har da sjældent set så stor en chance blive misbrugt,Heldigvis for angriberen endte Girona alligevel med at vinde
Fodbold,Roberto Mancini er ny landstræner for Saudi-Arabien,Saudi-Arabien har præsenteret italienske Roberto Mancini som sin nye landstræner
Fodbold,FCN knuser FCM på hjemmebane,"Marcus Ingvartsen scorede to gange, da FC Nordsjælland søndag slog et tandløst FC Midtjylland-mandskab 3-0"
Fodbold,Barcelona scorer fire gange på dansk målmand,"Andreas Christensen udgik i pausen, da Barcelona slog Villarreal med Filip Jörgensen 4-3"
Fodbold,Kane netter to gange i Bayern München-sejr,"I sin første kamp på hjemmebane scorede Harry Kane to mål for Bayern München, der vandt over Augsburg"
Fodbold,Liverpool leverer stort comeback trods rødt kort,Darwin Nunez huggede to bolde i kassen i slutfasen og vendte 0-1 til 2-1 i udekampen mod Newcastle
Fodbold,Haaland brænder straffespark og scorer i smal City-sejr,Manchester City skulle kæmpe hårdt for alle tre point i udekampen mod oprykkerne fra Sheffield United
Fodbold,AGF-topscorer stanger smal sejr hjem,Et hovedstødsmål af Patrick Mortensen grundlagde en 1-0-sejr til AGF mod Lyngby BK søndag eftermiddag
Fodbold,Står foran gennembruddet – ung dansker vil være verdens bedste,Filip Jörgensen har valgt at jagte det danske A-landshold
Fodbold,Messi mandsopdækkes af vagt – selv når han spiller,Yassine Chueko er lige i hælene på argentineren hele tiden. Også når han løber rundt inde på fodboldbanen. 
Fodbold,Messi scorer i ligadebut,"Lionel Messi startede på udskiftningsbænken, men nåede alligevel at lave sit første MLS-mål for Inter Miami"
Fodbold,Simon Kjær får igen sent indhop i Milan-sejr,AC Milan vandt 4-1 hjemme over Torino i Serie A. Simon Kjær blev skiftet ind efter 79 minutter
Fodbold,Her er Makienoks nye klub,"Angriberen Simon Makienok har fået en kontrakt i Hvidovre, og dermed er han tilbage i den bedste fodboldrække"
Fodbold,Xavi tager afstand fra omstridt præsident,"Mens de spanske fodboldkvinder nægter at spille, har flere trænere også forladt landsholdet"
Fodbold,Eriksen scorer i stort United-comeback,Også Joachim Andersen kom på tavlen i denne Premier League-runde
Fodbold,FCK kollapser i Parken,"FC København led sæsonens første pointtab i Superligaen, da holdet tabte med 1-3 til Silkeborg.
"
Fodbold,Utrolige Wind fortsætter med to scoringer,Med danskerens vigtige scoringer er Wolfsburg på maksimumpoint i Bundesligaen efter to kampe
Fodbold,Magiske Maddison grundlægger ny Spurs-sejr ,"Tottenham slog kapital af to mønsterangreb, da holdet ude slog Philip Billings Bournemouth 2-0"
Fodbold,Præsident suspenderes efter kysseskandale,"Luis Rubiales, præsident for Spaniens fodboldforbund, må ikke have noget med fodbold at gøre de næste 90 dage.
"
Fodbold,Her er sommerens største transfers,Et historisk transfervindue er lukket i. Få overblikket over de mest bemærkelsesværdige handler her. 
Fodbold,"- De har fået en ny sherif i byen, siger ekspert",Den 20-årige brite sikrede Real Madrid tre point på udebane mod Celta Vigo
Fodbold,Skandaleramt præsident vil sagsøge stjernespiller,"De spanske spillere nægter at repræsentere landsholdet, hvis ikke Luis Rubiales fratræder sin stilling som præsident for fodboldforbundet"
Fodbold,Bellingham redder Real Madrid,"Meget gik i mod Real Madrid, men Jude Bellingham skaffede 1-0 over Celta med en sen træffer.
"
Fodbold,Sterling fører an i Chelsea-sejr over oprykker,"Mauricio Pochettino fik sin første sejr som Chelsea-træner, da oprykkerne Luton blev slået 3-0"
Fodbold,Randers rejser sig mod Viborg,"Randers FC fik klubbens første sejr i sæsonen, da viborgenserne blev nedlagt"
Fodbold,Spanske verdensmestre nægter at spille,"Præsidenten for Spaniens fodboldforbund, Luis Rubiales, skal væk fra sin post, hvis Spaniens verdensmestre igen skal spille sammen"
Fodbold,"Højlund er meget tæt på United-debut, siger træner","Erik ten Hag fortæller, at Rasmus Højlund har deltaget i sin første fulde træning med førsteholdet"
Fodbold,Lyngby forhandler med tidligere Premier League-profil,Gylfi Sigurdsson har stået uden klub siden sommeren 2022
Fodbold,Tysk landsholdsmålmand forlænger med Barcelona,Marc-André ter Stegen har skrevet under på en kontraktforlængelse med FC Barcelona frem til 2028
Fodbold,Cornelius er tilbage i FCK-truppen,Angriberen Andreas Cornelius har været ude med en skade siden kampen mod Lyngby 22. juli 2023
Fodbold,Nægter at trække sig efter kontroversielt kys,Spaniens fodboldpræsident langer voldsomt ud efter kritikerne
Fodbold,Danmark rykker frem efter VM,"Sverige topper den nyeste verdensrangliste i fodbold for kvinder, mens VM-vinderen Spanien følger efter"
Fodbold,Serbiske medier ser rødt efter ydmygelse i Danmark,"Dommen fra de serbiske medier er tydelig, efter Partizan tabte 5-0 til FC Nordsjælland"
Fodbold,Kalder kendelse amatøragtig: - Han blødte 20 minutter efter,"FCM-spillerne er ikke tilfredse med, at Legia Warszawa afsluttede opgøret fuldtalligt i 3-3-kampen torsdag"
Fodbold,Skov Olsen bringer Brugge tæt på europæisk gruppespil,"Andreas Skov Olsen scorede til 1-0, da Club Brugge vandt 2-1 over Osasuna i Conference League-kvalifikationen"
Fodbold,FCM smider tre føringer i Europa-brag,"FC Midtjylland spillede 3-3 mod Legia Warszawa efter at have været foran tre gange i kampen.
"
Fodbold,"Præsident vil trække sig efter VM-kys, skriver spanske medier","Ifølge flere spanske medier vil Luis Rubiales trække sig som præsident for Spaniens fodboldforbund efter kys.
"
Fodbold,FCN-målscorer er overrasket over modstanders niveau ,Oliver Villadsen blev noteret for et sjældent mål i FC Nordsjællands 5-0 sejr over Partizan
Fodbold,FCN i ydmygende storsejr – har det ene ben i Europa,FC Nordsjælland var dominerende mod det serbiske hold og er nu tæt på europæisk gruppespil
Fodbold,City henter belgisk landsholdsspiller,"Jeremy Doku skifter fra franske Rennes til Manchester City, der har givet belgieren en femårig kontrakt"
Fodbold,Ekspert har stor tiltro til danske hold før skæbnekampe,"TV 2 Sports fodboldekspert Mads Junker forventer, at minimum et af de danske hold booker billet til gruppespillet i Conference League"
Fodbold,Præsident kyssede VM-heltinde – nu går FIFA ind i sagen,FIFA har åbnet en disciplinærsag mod præsidenten for det spanske fodboldforbund efter sejrskys ved VM
Fodbold,"Skade er altafgørende for Eriksens muligheder, mener ekspert","En skade til Mason Mount åbner for mere spilletid til Christian Eriksen, vurderer Mads Junker"
Fodbold,Viborg sikrer sig tysk forstærkning,"Viborg FF har købt den 23-årige midtbanespiller Jean Manuel Mbom i Werder Bremen.
"
Fodbold,Det lille stadion begrænser FC Midtjylland,FCM's ambitioner om at komme i top-50 i Europa bliver begrænset af klubbens stadion. MCH Arena er simpelthen for lille til den international scene
Fodbold,Udsolgt for 11. gang i træk,I snart to år har der været udsolgt til samtlige af herrelandsholdets hjemmekampe
Fodbold,Først efter hans død måtte sandheden om pengene blive fortalt,"Flere danskere har sat sit præg i de 60 år, den tyske Bundesliga har eksisteret"
Cykling,Vingegaard vinder stor pris og skriver historie,"Han er den første dansker, der vinder prisen"
Tennis,Rune leverer stort comeback og kan endelig juble igen,"Rune og Becker fik en perfekt start på samarbejdet, og ekspert mener, at sejren kan blive et vendepunkt"
Hockey,NHL fjerner forbud mod regnbuefarvet tape,"NHL havde egentlig forbudt spillerne at bruge regnbuefarvet tape, men efter kritik laver ligaen en kovending"
Cykling,"- Det er en vanvittig følelse, siger Vingegaard",Danskeren får overrakt prisen af Eddy Merckx
Samfund,Politiet snupper flere ulovlige droner ved lufthavn i Aalborg,"Nordjyllands Politi har set stor stigning i antallet af droner, som flyver for højt ved lufthavn i Aalborg"
Samfund,Det står skidt til på havbunden i Danmark – nu kæmper frivillige for at løse problemet,Flere steder i landet mødes frivillige for at plante særlig græsart i fjorde og havne. Den lille plante kan nemlig være løsning på et stort problem. 
Krimi,Serietyv boede i en sump – stinkende telt var fyldt med tyvekoster,"Væk fra andre mennesker har en 38-årig formodet serietyv gemt sig i et telt, mens han har plaget et sommerhusområde med indbrud"
Business,Dansk virksomhed skal spille nøglerolle i kontroversielt megaprojekt: - Vi fører ikke politik,"Megaprojektet har allerede medført kritik fra Amnesty International, Human Rights Watch og FN-eksperter"
Udland,Island er verdensmestre i ligestilling – så hvorfor strejker de islandske kvinder?,"Udover ikke at gå på arbejde, så indebære strejken også at undgå arbejde i hjemmet og passe børn"
